{
  "run_id": 1751320208,
  "start_time": 1751320208.6584432,
  "end_time": 1751320209.743655,
  "total_time_seconds": 1.0852117538452148,
  "total_ticks": 0,
  "bugs_total": 0,
  "bugs_resolved": 0,
  "bugs_escalated": 0,
  "success_rate": 0,
  "agent_summaries": {}
}