{
  "run_id": 1751320202,
  "start_time": 1751320202.9201677,
  "end_time": 1751320204.0253367,
  "total_time_seconds": 1.1051690578460693,
  "total_ticks": 0,
  "bugs_total": 0,
  "bugs_resolved": 0,
  "bugs_escalated": 0,
  "success_rate": 0,
  "agent_summaries": {}
}