{
  "run_id": 1751320196,
  "start_time": 1751320196.651973,
  "end_time": 1751320198.3367245,
  "total_time_seconds": 1.6847515106201172,
  "total_ticks": 0,
  "bugs_total": 0,
  "bugs_resolved": 0,
  "bugs_escalated": 0,
  "success_rate": 0,
  "agent_summaries": {}
}