{
  "run_id": 1751320364,
  "start_time": 1751320364.9138885,
  "end_time": 1751320384.7593412,
  "total_time_seconds": 19.845452785491943,
  "total_ticks": 30,
  "bugs_total": 0,
  "bugs_resolved": 0,
  "bugs_escalated": 1,
  "success_rate": 0,
  "agent_summaries": {}
}