{
  "version": "1.0",
  "nodes": {},
  "edges": [],
  "created_at": 1751776482.666715,
  "modified_at": 1751776482.666715
}