{
  "bug_state": "VERIFY",
  "iteration": 6,
  "elapsed_time": 96.08041214942932,
  "timestamp": 1751338380.2868726
}