{
  "bug_state": "VERIFY",
  "iteration": 3,
  "elapsed_time": 36.001609563827515,
  "timestamp": 1751339873.5763214
}