{
  "bug_state": "VERIFY",
  "iteration": 6,
  "elapsed_time": 82.7429940700531,
  "timestamp": 1751339175.544544
}