{
  "bug_state": "WAIT",
  "iteration": 3,
  "elapsed_time": 32.628456354141235,
  "timestamp": 1751339021.1344273
}