{
  "bug_state": "VERIFY",
  "iteration": 12,
  "elapsed_time": 166.77666425704956,
  "timestamp": 1751340841.0214436
}