{
  "bug_state": "VERIFY",
  "iteration": 9,
  "elapsed_time": 188.09519958496094,
  "timestamp": 1751342679.2144077
}