{
  "bug_state": "VERIFY",
  "iteration": 3,
  "elapsed_time": 34.201475620269775,
  "timestamp": 1751340416.43063
}