{
  "bug_state": "VERIFY",
  "iteration": 15,
  "elapsed_time": 226.06305694580078,
  "timestamp": 1751335005.7959862
}