{
  "bug_state": "VERIFY",
  "iteration": 15,
  "elapsed_time": 173.3868327140808,
  "timestamp": 1751335339.839404
}