{
  "bug_state": "VERIFY",
  "iteration": 9,
  "elapsed_time": 117.34865546226501,
  "timestamp": 1751336773.0593214
}