{
  "bug_state": "VERIFY",
  "iteration": 6,
  "elapsed_time": 114.2090368270874,
  "timestamp": 1751339611.8930166
}