{
  "bug_state": "WAIT",
  "iteration": 9,
  "elapsed_time": 316.9317581653595,
  "timestamp": 1751336525.7567832
}