{
  "bug_state": "WAIT",
  "iteration": 3,
  "elapsed_time": 69.67731165885925,
  "timestamp": 1751339458.8498323
}