{
  "bug_state": "VERIFY",
  "iteration": 3,
  "elapsed_time": 45.93575739860535,
  "timestamp": 1751339732.9115667
}