{
  "bug_state": "VERIFY",
  "iteration": 6,
  "elapsed_time": 64.8152186870575,
  "timestamp": 1751340563.5083368
}