{
  "bug_state": "WAIT",
  "iteration": 3,
  "elapsed_time": 26.389568328857422,
  "timestamp": 1751338728.8457503
}