{
  "bug_state": "VERIFY",
  "iteration": 9,
  "elapsed_time": 124.2961151599884,
  "timestamp": 1751335144.6035178
}