{
  "bug_state": "VERIFY",
  "iteration": 9,
  "elapsed_time": 173.90590596199036,
  "timestamp": 1751333846.769568
}