{
  "bug_state": "REPRO",
  "iteration": 3,
  "elapsed_time": 53.075013875961304,
  "timestamp": 1751333923.56764
}