{
  "bug_state": "VERIFY",
  "iteration": 3,
  "elapsed_time": 33.041857957839966,
  "timestamp": 1751341029.7157953
}