{
  "bug_state": "VERIFY",
  "iteration": 9,
  "elapsed_time": 276.8293344974518,
  "timestamp": 1751334225.6057355
}