{
  "bug_state": "PATCH",
  "iteration": 9,
  "elapsed_time": 249.70373129844666,
  "timestamp": 1751334511.0387633
}