{
  "bug_state": "VERIFY",
  "iteration": 15,
  "elapsed_time": 215.3094620704651,
  "timestamp": 1751335618.3472621
}