{
  "bug_state": "VERIFY",
  "iteration": 3,
  "elapsed_time": 35.8408989906311,
  "timestamp": 1751338587.5008268
}