{
  "bug_state": "VERIFY",
  "iteration": 6,
  "elapsed_time": 113.26196146011353,
  "timestamp": 1751334711.588788
}