{
  "run_id": 1751317161,
  "start_time": 1751317161.5783386,
  "end_time": 1751317172.6882222,
  "total_time_seconds": 11.109883546829224,
  "total_ticks": 15,
  "bugs_total": 0,
  "bugs_resolved": 0,
  "bugs_escalated": 0,
  "success_rate": 0,
  "agent_summaries": {}
}